time,x,y,vx,vy
0.0,0.1998,0.19881900000000002,19.98,19.8819
0.01,0.3994002,0.3964581810000001,19.96002,19.7639181
0.02,0.5988007998,0.592918722819,19.94005998,19.646054181900002
0.03,0.7980019990002,0.7882018040961811,19.92011992002,19.528308127718102
0.04,0.9970039970011998,0.9823086022920849,19.90019980009998,19.410679819590385
0.05,1.1958069930041986,1.175240293689793,19.880299600299878,19.293169139770793
0.060000000000000005,1.3944111860111943,1.3669980533961033,19.86041930069958,19.175775970631022
0.07,1.5928167748251831,1.5575830553427072,19.84055888139888,19.058500194660393
0.08,1.791023958050358,1.7469964722873645,19.820718322517482,18.941341694465734
0.09,1.9890329340923076,1.9352394758150773,19.800897604194965,18.824300352771267
0.09999999999999999,2.1868439011582153,2.122313236339262,19.78109670659077,18.707376052418496
0.10999999999999999,2.384457057257057,2.3082189231029226,19.76131560988418,18.59056867636608
0.11999999999999998,2.5818726001998002,2.49295770417982,19.741554294274295,18.473878107689714
0.12999999999999998,2.7790907275996006,2.67653074647564,19.72181273998002,18.357304229582024
0.13999999999999999,2.976111636872001,2.8589392157291647,19.70209092724004,18.240846925352443
0.15,3.172935525235129,3.0401842765134357,19.6823888363128,18.12450607842709
0.16,3.369562589709894,3.2202670922369223,19.662706447476488,18.00828157234866
0.17,3.565993027120184,3.3991888251446856,19.64304374102901,17.892173290776313
0.18000000000000002,3.7622270340930637,3.576950636319541,19.62340069728798,17.776181117485535
0.19000000000000003,3.9582648070589705,3.7535536856832215,19.603777296590692,17.66030493636805
0.20000000000000004,4.1541065422519114,3.9289991319975384,19.5841735192941,17.54454463143168
0.21000000000000005,4.349752435709659,4.103288132865541,19.564589345774806,17.428900086800247
0.22000000000000006,4.545202683273949,4.276421844732675,19.54502475642903,17.313371186713447
0.23000000000000007,4.740457480590675,4.448401422887942,19.5254797316726,17.197957815526735
0.24000000000000007,4.9355170231100844,4.619228021465054,19.505954251940928,17.082659857711207
0.25000000000000006,5.130381506086974,4.788902793443589,19.486448297688987,16.967477197853494
0.26000000000000006,5.325051124580887,4.9574268906501455,19.4669618493913,16.85240972065564
0.2700000000000001,5.519526073456306,5.124801463759495,19.447494887541907,16.737457310934985
0.2800000000000001,5.713806547382849,5.291027662295736,19.428047392654367,16.62261985362405
0.2900000000000001,5.907892740835466,5.45610663463344,19.408619345261712,16.50789723377043
0.3000000000000001,6.10178484809463,5.620039527998807,19.38921072591645,16.393289336536657
0.3100000000000001,6.295483063246536,5.782827488470808,19.369821515190534,16.27879604720012
0.3200000000000001,6.48898758018329,5.944471660982337,19.350451693675343,16.16441725115292
0.3300000000000001,6.682298592603106,6.104973189321355,19.331101241981667,16.050152833901766
0.34000000000000014,6.8754162940105035,6.264333216132034,19.311770140739686,15.936002681067864
0.35000000000000014,7.068340877716493,6.422552882915902,19.292458370598947,15.821966678386795
0.36000000000000015,7.2610725368387765,6.579633330032986,19.273165912228347,15.708044711708409
0.37000000000000016,7.453611464301938,6.735575696702953,19.25389274631612,15.5942366669967
0.38000000000000017,7.645957852837636,6.89038112100625,19.234638853569802,15.480542430329704
0.3900000000000002,7.838111894984799,7.044050739885244,19.215404214716234,15.366961887899375
0.4000000000000002,8.030073783089813,7.196585689145359,19.196188810501518,15.253494926011475
0.4100000000000002,8.221843709306723,7.347987103456214,19.176992621691017,15.140141431085464
0.4200000000000002,8.413421865597417,7.498256116352758,19.157815629069326,15.02690128965438
0.4300000000000002,8.60480844373182,7.647393860236406,19.138657813440258,14.913774388364725
0.4400000000000002,8.796003635288088,7.79540146637617,19.11951915562682,14.80076061397636
0.45000000000000023,8.9870076316528,7.942280064909793,19.10039963647119,14.687859853362383
0.46000000000000024,9.177820624021146,8.088030784844884,19.08129923683472,14.57507199350902
0.47000000000000025,9.368442803397125,8.23265475406004,19.062217937597886,14.462396921515511
0.48000000000000026,9.558874360593727,8.376153099305979,19.043155719660287,14.349834524593996
0.49000000000000027,9.749115486233134,8.518526946206674,19.024112563940626,14.237384690069403
0.5000000000000002,9.9391663707469,8.659777419260466,19.005088451376686,14.125047305379333
0.5100000000000002,10.129027204376154,8.799905641841207,18.98608336292531,14.012822258073953
0.5200000000000002,10.318698177171777,8.938912736199365,18.967097279562385,13.900709435815878
0.5300000000000002,10.508179478994606,9.076799823463165,18.94813018228282,13.788708726380063
0.5400000000000003,10.69747129951561,9.213568023639702,18.929182052100536,13.676820017653684
0.5500000000000003,10.886573828216095,9.349218455616063,18.910252870048435,13.56504319763603
0.5600000000000003,11.075487254387879,9.483752237160447,18.89134261717839,13.453378154438393
0.5700000000000003,11.26421176713349,9.617170484923287,18.87245127456121,13.341824776283955
0.5800000000000003,11.452747555366358,9.749474314438364,18.85357882328665,13.230382951507671
0.5900000000000003,11.641094807810992,9.880664840123925,18.834725244463364,13.119052568556164
0.6000000000000003,11.829253713003181,10.010743175283801,18.8158905192189,13.007833515987608
0.6100000000000003,12.017224459290178,10.139710432108517,18.797074628699683,12.89672568247162
0.6200000000000003,12.205007234830887,10.267567721676409,18.778277554070982,12.785728956789148
0.6300000000000003,12.392602227596056,10.394316153954733,18.759499276516912,12.674843227832358
0.6400000000000003,12.58000962536846,10.519956837800779,18.740739777240396,12.564068384604527
0.6500000000000004,12.76722961574309,10.644490880962978,18.721999037463156,12.453404316219922
0.6600000000000004,12.954262386127347,10.767919390082016,18.703277038425693,12.342850911903703
0.6700000000000004,13.141108123741219,10.890243470691933,18.684573761387266,12.2324080609918
0.6800000000000004,13.327767015617479,11.011464227221241,18.66588918762588,12.122075652930807
0.6900000000000004,13.51423924860186,11.13158276299402,18.647223298438252,12.011853577277876
0.7000000000000004,13.700525009353258,11.250600180231025,18.628576075139815,11.901741723700598
0.7100000000000004,13.886624484343905,11.368517580050794,18.609947499064674,11.791739981976898
0.7200000000000004,14.07253785985956,11.485336062470743,18.59133755156561,11.68184824199492
0.7300000000000004,14.258265321999701,11.601056726408272,18.572746214014042,11.572066393752925
0.7400000000000004,14.443807056677702,11.715680669681865,18.554173467800027,11.462394327359172
0.7500000000000004,14.629163249621024,11.829208989012182,18.53561929433223,11.352831933031814
0.7600000000000005,14.814334086371403,11.94164278002317,18.517083675037895,11.243379101098782
0.7700000000000005,14.999319752285032,12.052983137243146,18.498566591362856,11.134035721997684
0.7800000000000005,15.184120432532747,12.163231154105903,18.480068024771494,11.024801686275685
0.7900000000000005,15.368736312100214,12.272387922951797,18.461587956746722,10.91567688458941
0.8000000000000005,15.553167575788114,12.380454535028845,18.443126368789976,10.80666120770482
0.8100000000000005,15.737414408212326,12.487432080493816,18.424683242421185,10.697754546497116
0.8200000000000005,15.921476993804113,12.593321648413323,18.406258559178763,10.588956791950618
0.8300000000000005,16.10535551681031,12.698124326764908,18.387852300619585,10.480267835158667
0.8400000000000005,16.2890501612935,12.801841202438144,18.369464448318965,10.371687567323509
0.8500000000000005,16.472561111132205,12.904473361235706,18.351094983870645,10.263215879756185
0.8600000000000005,16.65588855002107,13.00602188787447,18.332743888886775,10.15485266387643
0.8700000000000006,16.83903266147105,13.106487865986596,18.314411144997887,10.046597811212553
0.8800000000000006,17.021993628809582,13.20587237812061,18.296096733852888,9.938451213401342
0.8900000000000006,17.204771635180773,13.30417650574249,18.277800637119036,9.83041276218794
0.9000000000000006,17.38736686354559,13.401401329236748,18.259522836481917,9.722482349425752
0.9100000000000006,17.569779496682045,13.497547927907512,18.241263313645437,9.614659867076327
0.9200000000000006,17.752009717185363,13.592617379979604,18.223022050331792,9.50694520720925
0.9300000000000006,17.934057707468178,13.686610762599624,18.20479902828146,9.399338262002042
0.9400000000000006,18.11592364976071,13.779529151837025,18.186594229253178,9.29183892374004
0.9500000000000006,18.29760772611095,13.871373622685187,18.168407635023925,9.184447084816298
0.9600000000000006,18.47911011838484,13.962145249062502,18.1502392273889,9.077162637731481
0.9700000000000006,18.660431008266453,14.05184510381344,18.132088988161513,8.96998547509375
0.9800000000000006,18.841570577258185,14.140474258709625,18.113956899173353,8.862915489618656
0.9900000000000007,19.022529006680926,14.228033784450917,18.095842942274178,8.755952574129036
1.0000000000000007,19.203306477674246,14.314524750666466,18.077747099331905,8.649096621554907
1.0100000000000007,19.38390317119657,14.3999482259158,18.05966935223257,8.542347524933353
1.0200000000000007,19.564319268025375,14.484305277689884,18.04160968288034,8.435705177408419
1.0300000000000007,19.74455494875735,14.567596972412195,18.02356807319746,8.32916947223101
1.0400000000000007,19.924610393808592,14.649824375439783,18.005544505124263,8.22274030275878
1.0500000000000007,20.104485783414784,14.730988551064343,17.987538960619137,8.116417562456022
1.0600000000000007,20.28418129763137,14.811090562513279,17.96955142165852,8.010201144893566
1.0700000000000007,20.46369711633374,14.890131471950765,17.95158187023686,7.904090943748672
1.0800000000000007,20.643033419217407,14.968112340478815,17.933630288366626,7.798086852804923
1.0900000000000007,20.82219038579819,15.045034228138336,17.915696658078257,7.692188765952118
1.1000000000000008,21.001168195412394,15.120898193910199,17.897780961420178,7.586396577186166
1.1100000000000008,21.179967027216982,15.195705295716289,17.87988318045876,7.4807101806089795
1.1200000000000008,21.358587060189766,15.269456590420573,17.8620032972783,7.37512947042837
1.1300000000000008,21.537028473129578,15.342153133830152,17.84414129398102,7.269654340957942
1.1400000000000008,21.715291444656447,15.413795980696321,17.82629715268704,7.164284686616984
1.1500000000000008,21.89337615321179,15.484386184715625,17.808470855534352,7.059020401930367
1.1600000000000008,22.071282777058578,15.55392479853091,17.790662384678818,6.953861381528436
1.1700000000000008,22.24901149428152,15.622412873732378,17.772871722294138,6.848807520146908
1.1800000000000008,22.426562482787237,15.689851460858645,17.755098850571844,6.743858712626761
1.1900000000000008,22.603935920304448,15.756241609397787,17.737343751721273,6.639014853914134
1.2000000000000008,22.781131984384142,15.82158436778839,17.71960640796955,6.53427583906022
1.2100000000000009,22.958150852399758,15.885880783420602,17.70188680156158,6.42964156322116
1.2200000000000009,23.134992701547358,15.94913190263718,17.68418491476002,6.325111921657938
1.2300000000000009,23.31165770884581,16.011338770734543,17.66650072984526,6.22068680973628
1.2400000000000009,23.488146051136965,16.07250243196381,17.648834229115415,6.116366122926544
1.2500000000000009,23.66445790508583,16.132623929531846,17.6311853948863,6.012149756803617
1.260000000000001,23.840593447180744,16.191704305602315,17.613554209491415,5.908037607046813
1.270000000000001,24.016552853733565,16.24974460129671,17.595940655281925,5.804029569439766
1.280000000000001,24.19233630087983,16.306745856695414,17.578344714626642,5.700125539870327
1.290000000000001,24.367943964578952,16.36270911083872,17.560766369912017,5.596325414330456
1.300000000000001,24.543376020614375,16.41763540172788,17.543205603542106,5.492629088916126
1.310000000000001,24.71863264459376,16.47152576632615,17.525662397938564,5.38903645982721
1.320000000000001,24.893714011949168,16.524381240559823,17.508136735540624,5.285547423367383
1.330000000000001,25.06862029793722,16.576202859319263,17.490628598805085,5.182161875944016
1.340000000000001,25.243351677639282,16.626991656459943,17.47313797020628,5.078879714068072
1.350000000000001,25.417908325961644,16.676748664803483,17.455664832236074,4.9757008343540035
1.360000000000001,25.59229041763568,16.72547491613868,17.438209167403837,4.87262513351965
1.370000000000001,25.766498127218046,16.77317144122254,17.42077095823643,4.76965250838613
1.380000000000001,25.940531629090827,16.81983926978132,17.403350187278196,4.666782855877744
1.390000000000001,26.114391097461738,16.865479430511538,17.385946837090916,4.564016073021866
1.400000000000001,26.288076706364276,16.910092951081026,17.368560890253825,4.4613520569488445
1.410000000000001,26.46158862965791,16.953680858129946,17.35119232936357,4.358790704891896
1.420000000000001,26.634927041028252,16.996244177271816,17.333841137034206,4.256331914187004
1.430000000000001,26.808092113987225,17.037783933094545,17.31650729589717,4.153975582272817
1.440000000000001,26.981084021873237,17.07830114916145,17.299190788601273,4.051721606690544
1.450000000000001,27.153902937851363,17.11779684801229,17.28189159781267,3.949569885083853
1.460000000000001,27.326549034913512,17.156272051164276,17.26460970621486,3.847520315198769
1.470000000000001,27.499022485878598,17.19372777911311,17.247345096508646,3.74557279488357
1.480000000000001,27.67132346339272,17.230165051333998,17.23009775141214,3.6437272220886867
1.490000000000001,27.84345213992933,17.265584886282664,17.212867653660727,3.541983494866598
1.500000000000001,28.0154086877894,17.299988301396382,17.195654786007065,3.4403415113717313
1.5100000000000011,28.18719327910161,17.333376313094988,17.178459131221057,3.3388011698603597
1.5200000000000011,28.358806085822508,17.365749936781892,17.161280672089838,3.2373623686904995
1.5300000000000011,28.530247279736685,17.39711018684511,17.144119391417746,3.136025006321809
1.5400000000000011,28.701517032456948,17.427458076658265,17.12697527202633,3.034788981315487
1.5500000000000012,28.872615515424492,17.456794618581608,17.1098482967543,2.9336541923341715
1.5600000000000012,29.043542899909067,17.485120823963026,17.092738448457546,2.8326205381418372
1.5700000000000012,29.214299357009157,17.512437703139064,17.075645710009088,2.7316879176036952
1.5800000000000012,29.38488505765215,17.538746265435925,17.05857006429908,2.6308562296860916
1.5900000000000012,29.555300172594496,17.56404751917049,17.04151149423478,2.5301253734564053
1.6000000000000012,29.725544872421903,17.58834247165132,17.024469982740545,2.429495248082949
1.6100000000000012,29.895619327549483,17.611632129179668,17.007445512757805,2.328965752834866
1.6200000000000012,30.06552370822193,17.63391749705049,16.990438067245048,2.228536787082031
1.6300000000000012,30.23525818451371,17.65519957955344,16.9734476291778,2.128208250294949
1.6400000000000012,30.404822926329196,17.675479379973886,16.956474181548625,2.0279800420446543
1.6500000000000012,30.574218103402867,17.694757900593913,16.939517707367077,1.9278520620026096
1.6600000000000013,30.743443885299463,17.71303614269332,16.92257818965971,1.827824209940607
1.6700000000000013,30.912500441414164,17.730315106550627,16.90565561147005,1.7278963857306664
1.6800000000000013,31.08138794097275,17.746595791444076,16.88874995585858,1.6280684893449358
1.6900000000000013,31.250106553031777,17.761879195652632,16.87186120590272,1.5283404208555909
1.7000000000000013,31.418656446478746,17.77616631645698,16.85498934469682,1.4287120804347353
1.7100000000000013,31.587037790032266,17.789458150140522,16.83813435535212,1.3291833683543006
1.7200000000000013,31.755250752242233,17.801755691990383,16.821296220996768,1.2297541849859464
1.7300000000000013,31.923295501489992,17.813059936298394,16.80447492477577,1.1304244308009603
1.7400000000000013,32.0911722059885,17.823371876362096,16.787670449850996,1.0311940063701595
1.7500000000000013,32.25888103378251,17.832692504485735,16.770882779401145,0.9320628123637893
1.7600000000000013,32.42642215274873,17.841022811981247,16.754111896621744,0.8330307495514255
1.7700000000000014,32.59379573059598,17.848363789169266,16.737357784725123,0.7340977188018741
1.7800000000000014,32.761001934865384,17.854716425380097,16.7206204269404,0.6352636210830722
1.7900000000000014,32.92804093293052,17.860081708954716,16.70389980651346,0.5365283574619891
1.8000000000000014,33.09491289199759,17.864460627245762,16.687195906706943,0.4378918291045271
1.8100000000000014,33.26161797910559,17.867854166618518,16.670508710800238,0.33935393727542257
1.8200000000000014,33.42815636112648,17.8702633124519,16.65383820208944,0.24091458333814714
1.8300000000000014,33.59452820476535,17.871689049139448,16.63718436388735,0.14257366875480898
1.8400000000000014,33.76073367656059,17.87213236009031,16.620547179523463,0.04433109508605415
1.8500000000000014,33.92677294288403,17.871594227730217,16.60392663234394,-0.053813236009031915
1.8600000000000014,34.09264616994115,17.870075633502488,16.587322705711596,-0.1518594227730229
1.8700000000000014,34.258353523771206,17.867577557868984,16.570735383005886,-0.2498075633502499
1.8800000000000014,34.423895170247434,17.864100980311115,16.55416464762288,-0.34765775578689967
1.8900000000000015,34.58927127507719,17.859646879330803,16.537610482975257,-0.44541009803111276
1.9000000000000015,34.75448200380211,17.854216232451474,16.521072872492283,-0.5430646879330816
1.9100000000000015,34.91952752179831,17.84781001621902,16.50455179961979,-0.6406216232451485
1.9200000000000015,35.08440799427651,17.840429206202803,16.48804724782017,-0.7380810016219034
1.9300000000000015,35.24912358628223,17.8320747769966,16.47155920057235,-0.8354429206202815
1.9400000000000015,35.41367446269595,17.8227477022196,16.45508764137178,-0.9327074776996612
1.9500000000000015,35.57806078823325,17.812448954517382,16.438632553730407,-1.0298747702219615
1.9600000000000015,35.742282727445016,17.801179505562864,16.422193921176678,-1.1269448954517396
1.9700000000000015,35.90634044471757,17.7889403260573,16.4057717272555,-1.2239179505562878
1.9800000000000015,36.070234104272856,17.775732385731242,16.389365955528245,-1.3207940326057315
1.9900000000000015,36.23396387016858,17.76155665334551,16.372976589572716,-1.4175732385731257
2.0000000000000013,36.39752990629841,17.746414096692167,16.356603612983143,-1.5142556653345525
2.010000000000001,36.56093237639211,17.730305682595475,16.34024700937016,-1.6108414096692178
2.020000000000001,36.72417144401572,17.71323237691288,16.32390676236079,-1.7073305682595485
2.0300000000000007,36.8872472725717,17.69519514453597,16.30758285559843,-1.803723237691289
2.0400000000000005,37.05016002529913,17.676194949391434,16.29127527274283,-1.9000195144535978
2.0500000000000003,37.21290986527383,17.65623275444204,16.274983997470088,-1.9962194949391443
2.06,37.37549695540856,17.6353095216876,16.258709013472618,-2.092323275444205
2.07,37.53792145845315,17.613426212165912,16.242450304459144,-2.188330952168761
2.0799999999999996,37.70018353699469,17.590583785953747,16.226207854154683,-2.2842426212165923
2.0899999999999994,37.8622833534577,17.566783202167795,16.20998164630053,-2.3800583785953755
2.099999999999999,38.02422107010424,17.542025418965626,16.19377166465423,-2.4757783202167802
2.109999999999999,38.18599684903413,17.51631139354666,16.177577892989575,-2.5714025418965636
2.1199999999999988,38.3476108521851,17.48964208215311,16.161400315096586,-2.666931139354667
2.1299999999999986,38.50906324133291,17.462018440070956,16.14523891478149,-2.7623642082153124
2.1399999999999983,38.67035417809158,17.433441421630885,16.12909367586671,-2.857701844007097
2.149999999999998,38.83148382391349,17.403911980209255,16.11296458219084,-2.95294414216309
2.159999999999998,38.99245234008957,17.373431068229046,16.09685161760865,-3.048091198020927
2.1699999999999977,39.15325988774948,17.341999637160818,16.080754765991042,-3.1431431068229063
2.1799999999999975,39.313906627861726,17.309618637523656,16.06467401122505,-3.2380999637160834
2.1899999999999973,39.47439272123386,17.276289018886132,16.048609337213826,-3.3329618637523675
2.199999999999997,39.634718328512626,17.242011729867247,16.03256072787661,-3.427728901888615
2.209999999999997,39.794883610184115,17.20678771813738,16.016528167148735,-3.5224011729867266
2.2199999999999966,39.954888726573934,17.170617930419244,16.000511638981585,-3.61697877181374
2.2299999999999964,40.11473383784736,17.133503312488823,15.984511127342603,-3.7114617930419262
2.239999999999996,40.27441910400951,17.095444809176335,15.96852661621526,-3.8058503312488843
2.249999999999996,40.4339446849055,17.05644336436716,15.952558089599046,-3.9001444809176355
2.259999999999996,40.593310740220595,17.01649992100279,15.936605531509446,-3.994344336436718
2.2699999999999956,40.75251742948038,16.975615421081788,15.920668925977937,-4.088449992100281
2.2799999999999954,40.9115649120509,16.933790805660706,15.90474825705196,-4.1824615421081806
2.289999999999995,41.07045334713885,16.891027014855045,15.888843508794908,-4.276379080566072
2.299999999999995,41.229182893791716,16.84732498784019,15.872954665286112,-4.370202701485506
2.3099999999999947,41.387753710897925,16.802685662852348,15.857081710620827,-4.46393249878402
2.3199999999999945,41.54616595718703,16.757109977189494,15.841224628910206,-4.557568566285236
2.3299999999999943,41.70441979122984,16.710598867212305,15.825383404281295,-4.651110997718951
2.339999999999994,41.86251537143861,16.66315326834509,15.809558020877013,-4.744559886721232
2.349999999999994,42.02045285606717,16.614774115076745,15.793748462856136,-4.837915326834511
2.3599999999999937,42.178232403211105,16.56546234096167,15.77795471439328,-4.931177411507677
2.3699999999999934,42.33585417080789,16.515218878620708,15.762176759678887,-5.024346234096169
2.3799999999999932,42.49331831663709,16.464044659742086,15.746414582919208,-5.117421887862072
2.389999999999993,42.65062499832045,16.411940615082344,15.730668168336289,-5.21040446597421
2.399999999999993,42.80777437332213,16.35890767446726,15.714937500167952,-5.303294061508236
2.4099999999999926,42.96476659894881,16.304946766792792,15.699222562667785,-5.3960907674467276
2.4199999999999924,43.12160183234987,16.250058820026,15.683523340105117,-5.488794676679281
2.429999999999992,43.27828023051752,16.194244761205972,15.667839816765012,-5.581405882002602
2.439999999999992,43.434801950286996,16.137505516444765,15.652171976948248,-5.673924476120599
2.4499999999999917,43.59116714833671,16.07984201092832,15.6365198049713,-5.766350551644479
2.4599999999999915,43.74737598118837,16.021255168917392,15.620883285166329,-5.858684201092834
2.4699999999999913,43.90342860520718,15.961745913748475,15.605262401881163,-5.950925516891742
2.479999999999991,44.05932517660197,15.901315167834726,15.589657139479282,-6.04307459137485
2.489999999999991,44.21506585142537,15.83996385266689,15.574067482339803,-6.135131516783475
2.4999999999999907,44.37065078557394,15.777692888814224,15.558493414857463,-6.227096385266692
2.5099999999999905,44.526080134788366,15.71450319592541,15.542934921442605,-6.3189692888814255
2.5199999999999902,44.681354054653575,15.650395692729484,15.527391986521161,-6.410750319592544
2.52999999999999,44.83647270059892,15.585371297036755,15.51186459453464,-6.502439569272951
2.53999999999999,44.99143622789832,15.519430925739718,15.496352729940105,-6.594037129703678
2.5499999999999896,45.14624479167042,15.452575494813978,15.480856377210165,-6.685543092573974
2.5599999999999894,45.30089854687875,15.384805919319163,15.465375520832955,-6.7769575494814
2.569999999999989,45.45539764833187,15.316123113399843,15.449910145312122,-6.868280591931919
2.579999999999989,45.60974225068354,15.246527990286443,15.43446023516681,-6.959512311339987
2.5899999999999888,45.76393250843285,15.176021462296157,15.419025774931644,-7.050652799028647
2.5999999999999885,45.91796857592442,15.104604440833862,15.403606749156712,-7.141702146229618
2.6099999999999883,46.071850607348495,15.032277836393028,15.388203142407555,-7.232660444083389
2.619999999999988,46.22557875674114,14.959042558556636,15.372814939265147,-7.323527783639306
2.629999999999988,46.3791531779844,14.884899515998079,15.357442124325882,-7.414304255855667
2.6399999999999877,46.532574024806415,14.809849616482081,15.342084682201556,-7.5049899515998115
2.6499999999999875,46.68584145078161,14.733893766865599,15.326742597519354,-7.595584961648211
2.6599999999999873,46.838955609330824,14.657032873098734,15.311415854921835,-7.686089376686563
2.669999999999987,46.991916653721496,14.579267840225635,15.296104439066912,-7.776503287309876
2.679999999999987,47.144724737067776,14.50059957238541,15.280808334627846,-7.8668267840225665
2.6899999999999866,47.297380012330706,14.421028972813025,15.265527526293218,-7.957059957238544
2.6999999999999864,47.44988263231838,14.34055694384021,15.250261998766923,-8.047202897281306
2.709999999999986,47.60223274968606,14.25918438689637,15.235011736768156,-8.137255694384024
2.719999999999986,47.754430516936374,14.176912202509474,15.219776725031387,-8.22721843868964
2.7299999999999858,47.90647608641944,14.093741290306964,15.204556948306356,-8.31709122025095
2.7399999999999856,48.05836961033302,14.009672549016656,15.18935239135805,-8.4068741290307
2.7499999999999853,48.21011124072268,13.92470687646764,15.174163038966691,-8.496567254901668
2.759999999999985,48.36170112948196,13.838845169591172,15.158988875927724,-8.586170687646767
2.769999999999985,48.513139428352474,13.752088324421582,15.143829887051796,-8.675684516959121
2.7799999999999847,48.66442628892412,13.66443723609716,15.128686057164744,-8.765108832442163
2.7899999999999845,48.81556186263519,13.575892798861064,15.113557371107579,-8.854443723609721
2.7999999999999843,48.966546300772556,13.486455906062202,15.098443813736472,-8.943689279886112
2.809999999999984,49.117379754471784,13.39612745015614,15.083345369922736,-9.032845590606225
2.819999999999984,49.26806237471731,13.304908322705984,15.068262024552812,-9.121912745015619
2.8299999999999836,49.41859431234259,13.212799414383278,15.05319376252826,-9.210890832270604
2.8399999999999834,49.56897571803025,13.119801614968894,15.038140568765732,-9.299779941438333
2.849999999999983,49.719206742312224,13.025915813353926,15.023102428196966,-9.388580161496895
2.859999999999983,49.86928753556991,12.931142897540571,15.008079325768769,-9.477291581335399
2.869999999999983,50.01921824803434,12.83548375464303,14.993071246443,-9.565914289754064
2.8799999999999826,50.168999029786306,12.738939270888388,14.978078175196558,-9.654448375464309
2.8899999999999824,50.31863003075652,12.6415103316175,14.96310009702136,-9.742893927088845
2.899999999999982,50.46811140072577,12.543197821285883,14.948136996924339,-9.831251033161756
2.909999999999982,50.61744328932504,12.444002623464597,14.933188859927414,-9.919519782128594
2.9199999999999817,50.766625846035716,12.343925620841132,14.918255671067486,-10.007700262346466
2.9299999999999815,50.91565922018968,12.24296769522029,14.903337415396418,-10.09579256208412
2.9399999999999813,51.06454356096949,12.14112972752507,14.888434077981021,-10.183796769522035
2.949999999999981,51.21327901740852,12.038412597797546,14.87354564390304,-10.271712972752512
2.959999999999981,51.36186573839111,11.934817185199748,14.858672098259136,-10.35954125977976
2.9699999999999807,51.51030387265272,11.830344368014549,14.843813426160876,-10.447281718519982
2.9799999999999804,51.65859356878007,11.724995023646533,14.828969612734715,-10.534934436801462
2.9899999999999802,51.80673497521129,11.618770028622887,14.81414064312198,-10.622499502364661
2.99999999999998,51.95472824023608,11.511670258594263,14.79932650247886,-10.709977002862297
3.00999999999998,52.10257351199584,11.403696588335668,14.78452717597638,-10.797367025859435
3.0199999999999796,52.250270938483844,11.294849891747333,14.769742648800404,-10.884669658833575
3.0299999999999794,52.39782066754536,11.185131041855586,14.754972906151604,-10.971884989174741
3.039999999999979,52.54522284687781,11.074540910813731,14.740217933245452,-11.059013104185567
3.049999999999979,52.692477624030936,10.963080369902917,14.725477715312206,-11.146054091081382
3.0599999999999787,52.839585146406904,10.850750289533014,14.710752237596893,-11.2330080369903
3.0699999999999785,52.9865455612605,10.737551539243482,14.696041485359295,-11.31987502895331
3.0799999999999783,53.13335901569924,10.623484987704238,14.681345443873935,-11.406655153924357
3.089999999999978,53.28002565668354,10.508551502716534,14.666664098430061,-11.493348498770432
3.099999999999978,53.426545631026855,10.392751951213818,14.651997434331632,-11.579955150271662
3.1099999999999777,53.572919085395824,10.276087199262603,14.6373454368973,-11.66647519512139
3.1199999999999775,53.71914616631043,10.158558112063341,14.622708091460403,-11.752908719926268
3.1299999999999772,53.86522702014412,10.040165553951278,14.608085383368943,-11.83925581120634
3.139999999999977,54.011161793123975,9.920910388397326,14.593477297985574,-11.925516555395134
3.149999999999977,54.15695063133085,9.800793478008929,14.578883820687588,-12.01169103883974
3.1599999999999766,54.30259368069952,9.67981568453092,14.5643049368669,-12.0977793478009
3.1699999999999764,54.448091087018824,9.55797786884639,14.549740631930034,-12.1837815684531
3.179999999999976,54.5934429959318,9.435280890977543,14.535190891298104,-12.269697786884647
3.189999999999976,54.73864955293587,9.311725610086565,14.520655700406806,-12.355528089097762
3.1999999999999758,54.883710903382934,9.187312884476478,14.506135044706399,-12.441272561008663
3.2099999999999755,55.02862719247955,9.062043571592001,14.491628909661692,-12.526931288447654
3.2199999999999753,55.173398565287066,8.935918528020409,14.47713728075203,-12.612504357159207
3.229999999999975,55.31802516672178,8.808938609492388,14.462660143471279,-12.697991852802048
3.239999999999975,55.46250714155506,8.681104670882895,14.448197483327808,-12.783393860949246
3.2499999999999747,55.606844634413505,8.552417566212013,14.433749285844481,-12.868710467088297
3.2599999999999745,55.75103778977909,8.4228781486458,14.419315536558637,-12.953941756621209
3.2699999999999743,55.89508675198931,8.292487270497155,14.404896221022078,-13.039087814864587
3.279999999999974,56.03899166523732,8.161245783226658,14.390491324801056,-13.124148727049722
3.289999999999974,56.18275267357208,8.02915453744343,14.376100833476254,-13.209124578322673
3.2999999999999736,56.32636992089851,7.8962143829059865,14.361724732642777,-13.29401545374435
3.3099999999999734,56.46984355097761,7.76242616852308,14.347363007910134,-13.378821438290606
3.319999999999973,56.61317370742663,7.6277907423545575,14.333015644902224,-13.463542616852315
3.329999999999973,56.7563605337192,7.492308951612203,14.31868262925732,-13.548179074235463
3.3399999999999728,56.89940417318548,7.35598164266059,14.304363946628063,-13.632730895161227
3.3499999999999726,57.0423047690123,7.2188096610179295,14.290059582681435,-13.717198164266065
3.3599999999999723,57.18506246424329,7.080793851356912,14.275769523098754,-13.801580966101799
3.369999999999972,57.32767740177904,6.941935057505555,14.261493753575655,-13.885879385135697
3.379999999999972,57.470149724377265,6.802234122448049,14.247232259822079,-13.970093505750562
3.3899999999999717,57.61247957465289,6.661691888325601,14.232985027562258,-14.054223412244811
3.3999999999999715,57.75466709507823,6.5203091964372755,14.218752042534696,-14.138269188832567
3.4099999999999713,57.896712427983154,6.378086887240838,14.204533290492162,-14.222230919643733
3.419999999999971,58.03861571555517,6.235025800353597,14.19032875720167,-14.30610868872409
3.429999999999971,58.18037709983961,6.091126774553243,14.176138428444467,-14.389902580035365
3.4399999999999706,58.32199672273977,5.946390647778689,14.161962290016023,-14.47361267745533
3.4499999999999704,58.463474726017026,5.800818257130911,14.147800327726006,-14.557239064777875
3.45999999999997,58.60481125129101,5.6544104388737795,14.133652527398281,-14.640781825713097
3.46999999999997,58.74600644003972,5.507168028434906,14.119518874870883,-14.724241043887384
3.47999999999997,58.88706043359968,5.359091860406471,14.105399355996012,-14.807616802843496
3.4899999999999696,59.02797337316608,5.210182768546065,14.091293956640015,-14.890909186040652
3.4999999999999694,59.16874539979291,5.060441585777519,14.077202662683375,-14.974118276854611
3.509999999999969,59.30937665439312,4.909869144191742,14.063125460020691,-15.057244158577756
3.519999999999969,59.449867277738726,4.7584662750475495,14.04906233456067,-15.140286914419178
3.5299999999999687,59.59021741046099,4.606233808772502,14.03501327222611,-15.223246627504759
3.5399999999999685,59.730427193050524,4.453172574963729,14.020978258953884,-15.306123380877255
3.5499999999999683,59.870496765857474,4.299283402388766,14.00695728069493,-15.388917257496377
3.559999999999968,60.01042626909162,4.144567118986377,13.992950323414235,-15.471628340238881
3.569999999999968,60.150215842822526,3.98902455186739,13.97895737309082,-15.554256711898642
3.5799999999999677,60.289865626979704,3.832656527315523,13.964978415717729,-15.636802455186743
3.5899999999999674,60.42937576135272,3.6754638707882075,13.951013437302011,-15.719265652731556
3.5999999999999672,60.56874638559137,3.517447406917419,13.93706242386471,-15.801646387078824
3.609999999999967,60.70797763920578,3.3586079595105014,13.923125361440844,-15.883944740691746
3.619999999999967,60.84706966156657,3.198946351550991,13.909202236079404,-15.966160795951055
3.6299999999999666,60.986022591905005,3.03846340519944,13.895293033843323,-16.048294635155102
3.6399999999999664,61.1248365693131,2.8771599417942406,13.88139774080948,-16.130346340519946
3.649999999999966,61.26351173274379,2.7150367818524463,13.86751634306867,-16.212315994179427
3.659999999999966,61.40204822101104,2.552094745070594,13.853648826725601,-16.294203678185248
3.6699999999999657,61.540446172790034,2.388334650325523,13.839795177898877,-16.37600947450706
3.6799999999999655,61.678705726617245,2.2237573156751975,13.825955382720977,-16.457733465032554
3.6899999999999653,61.81682702089063,2.058363558359522,13.812129427338256,-16.53937573156752
3.699999999999965,61.95481019386974,1.8921541948011626,13.798317297910918,-16.620936355835955
3.709999999999965,62.09265538367587,1.7251300406063614,13.784518980613008,-16.70241541948012
3.7199999999999647,62.23036272829219,1.557291910565755,13.770734461632395,-16.783813004060637
3.7299999999999645,62.3679323655639,1.3886406186551892,13.756963727170763,-16.865129191056575
3.7399999999999642,62.50536443319834,1.219176978036534,13.743206763443593,-16.946364061865516
3.749999999999964,62.64265906876514,1.0489018010584976,13.72946355668015,-17.02751769780365
3.759999999999964,62.77981640969637,0.8778158992574392,13.71573409312347,-17.108590180105846
3.7699999999999636,62.916836593286675,0.7059200833581818,13.702018359030346,-17.18958158992574
3.7799999999999634,63.05371975669339,0.5332151632748237,13.688316340671316,-17.270492008335815
3.789999999999963,63.1904660369367,0.3597019481115489,13.674628024330644,-17.351321516327477
3.799999999999963,63.32707557089976,0.18538124616343737,13.660953396306313,-17.43207019481115
3.8099999999999627,63.46354849532886,0.010253864917274008,13.647292442910008,-17.512738124616337
3.8199999999999625,63.59988494683353,-0.1656793889476432,13.633645150467098,-17.59332538649172
